address,success,transfers_from_count,transfers_to_count,total_transfers,total_value,avg_value,earliest_timestamp,latest_timestamp,avg_time_between_transactions,min_tx_val,max_tx_val,count_tx_over_1_eth,count_tx_over_10_eth,unique_from_addresses,unique_to_addresses,time_active,avg_tx_freq
0xa6240987e6eafe9ae33393a170deef3ed64d0b15,True,2,2,4,20.980052231591355,5.245013057897839,1712554679000,1764051179000,12874125000.0,0.000364608473385118,20.8787,1,1,2,1,51496500000,0.006711135708252017
0xcc2d804590b2f7abb8c3b4cce016158814ef2b89,True,166,27,193,471.05392892203014,2.440693932238498,1643228431000,1750790699000,557317450.7772021,1e-06,80.0,26,9,19,53,107562268000,0.15502834135107674
0x2848b9f2d4faebaa4838c41071684c70688b455d,True,602,142,744,5484.115740878474,7.371123307632358,1501595873000,1765050455000,354105620.9677419,2e-18,104.0,484,139,101,109,263454582000,0.2439949972098037
0x40e14b90e66b1d694f425579118d0dc8ef1dbc91,True,190,9,199,194.54502373871634,0.977613184616665,1578362951000,1766186123000,943835035.1758794,0.01,18.046490526569226,33,3,8,91,187823172000,0.09154142067199247
0x87a58ab71b3de67340719d4fb61b97396609a6ec,True,14,0,14,122.40430115272042,8.743164368051458,1648492489000,1718385311000,4992344428.571428,0.001624217672712126,38.5,6,5,0,10,69892822000,0.017306498226670543
0xd8b3affa8747b9aea0f60ff97d7797942276fcda,True,152,23,175,68.95211166747376,0.39401206667127864,1600697767000,1756226087000,888733257.1428572,1e-06,6.0,16,0,21,75,155528320000,0.09721702131161708
0xb0c36cdc1e9bff41049ed0f60270a19850bef1b3,True,139,73,212,22.946264517465636,0.10823709678049828,1616754515000,1726428119000,517328320.754717,9.2596296063444e-05,2.35,3,0,19,43,109673604000,0.16701192750080504
0xaf4e7109840b519c18ab67d1414fd7816ad010be,True,1,1,2,0.2695151843990872,0.1347575921995436,1725138959000,1725139211000,126000.0,0.01,0.2595151843990872,0,0,1,1,252000,685.7142857142857
0x5b2c9ae4ea9a80954850a63ab3d925de6d5e3ff2,True,0,0,0,0.0,0.0,0,0,0.0,0.0,0.0,0,0,0,0,0,0.0
0x67fc7fd496140e7af0042c7dd2fa70a8d0092e25,True,18,5,23,0.5446750188559989,0.023681522558956475,1680016235000,1766397527000,3755708347.826087,2.2877326694745e-05,0.12990712,0,0,5,15,86381292000,0.023004981217460835
0xb3f09f6d5d1d22579383e56123b7c360f343e255,True,71,17,88,2229.3501379428935,25.33352429480561,1615325020000,1763723111000,1686341943.1818182,1.6580751978108e-05,250.0,68,38,3,29,148398091000,0.05123516043073627
0x7e088745df338d35639e2067bdebcd3ad47e4d58,True,50,11,61,20.136420771645547,0.33010525855156636,1600674772000,1767711479000,2738306672.1311474,1.8908709800698e-05,2.9858478677375633,3,0,8,38,167036707000,0.031552346155866204
0xc5f8fb2adeaab70d7d5ad390a60a35a8c95785c2,True,73,55,128,800.2556227534692,6.251997052761478,1496238858000,1734104723000,1858327070.3125,0.00210822,26.0,87,23,27,57,237865865000,0.046493430236406556
0xf3477a11f998d51df1b667b78fee8c2302d14bb0,True,347,33,380,3343.357461736643,8.798309109833271,1611329429000,1730605643000,313884773.68421054,0.00068,444.0,232,66,13,53,119276214000,0.27526024593637755
0xd60cf5614671b01c3f80959e4facd788598fd564,True,0,0,0,0.0,0.0,0,0,0.0,0.0,0.0,0,0,0,0,0,0.0
0xf42a339f93c1fa4c5d9ace33db308a504e7b0bde,True,496,21,517,10038.399944003453,19.41663432108985,1594779175000,1755229727000,310349230.17408127,0.000730591566729633,300.0,400,240,20,89,160450552000,0.27839605064119693
0xf5cc771bca619ce2868e1253f4024d8b4d0332d1,True,0,0,0,0.0,0.0,0,0,0.0,0.0,0.0,0,0,0,0,0,0.0
0xa07c565326376055dcfa206ef5b84ae471fb735b,True,1893,773,2666,10081.458417633858,3.781492279682617,1514561989000,1767785051000,94982393.84846212,1e-09,98.30472204492398,1310,220,99,164,253223062000,0.9096422663114311
0x5aed1d868a28e5f344fd36a0c9cf5c998bcda712,True,10,0,10,252.19002000700618,25.21900200070062,1706009195000,1758018731000,5200953600.0,0.19,50.0,7,7,0,2,52009536000,0.016612338168139014
0xf15968a096fc8f47650001585d23bee819b5affb,True,445,32,477,54697.52388722553,114.66986139879566,1582025837000,1750777271000,353776591.1949686,8e-18,31524.0,299,98,11,133,168751434000,0.2442219246563558
0x69323bd279f2ed51bffe88ab8f25a46fc53562bb,True,114,34,148,416.79659863845865,2.8161932340436393,1526121745000,1742479631000,1461877608.108108,0.000607513979438827,56.0,39,8,15,71,216357886000,0.05910207497590358
0xf791da446d04282f921f38fbf954ad5caee899a3,True,1533,149,1682,9009.18418587487,5.356233166394096,1617198145000,1768994735000,90247675.3864447,1e-18,400.1574279712999,315,122,30,1285,151796590000,0.957365379551675
0xe8b60b147990023367408d904d2b081b4304f1e0,True,468,57,525,2426.3303458794294,4.621581611198913,1592272489000,1758557315000,316733001.9047619,0.000809015045584833,257.71946931091384,271,36,30,52,166284826000,0.27278496235128513
0x68d36dcbdd7bbf206e27134f28103abe7cf972df,True,2725,79,2804,2281.2852991706545,0.8135824890052263,1504722351000,1757896103000,90290211.12696148,1e-18,50.75541342,294,57,43,419,253173752000,0.956914364487516
0x02ab593f636923dd122fc2d1dcf26d055ed8f61c,True,61,20,81,91.83388863477828,1.1337517115404725,1601028253000,1752786251000,1873555530.8641975,5.2992e-05,7.4,23,0,18,38,151757998000,0.04611552664262216
0x958bc7f87992791e89a5cfe764ff5541f6329642,True,365,43,408,3225.523282287436,7.905694319331951,1578741601000,1762540463000,450487406.8627451,1e-12,86.0,217,77,20,112,183798862000,0.19179226474209615
0x981e7512e87d2f7228d3f03b65950eb6a1b21bac,True,194,17,211,3125.4200073503034,14.812417096446936,1596761043000,1768434263000,813617156.3981043,1e-09,248.0,137,65,11,87,171673220000,0.10619245098332751
0xbbde1e05d96c5c4f7e377d5eaed21cac08a92945,True,306,70,376,10642.673874987038,28.30498371007191,1504058782000,1759255571000,678714864.3617021,1e-09,780.0,247,135,43,112,255196789000,0.12729940736048995
0x47cb7eb8d667b8df8c9140b4f952f04f9fcc66fe,True,188,87,275,578.2208431633436,2.102621247866704,1531683223000,1759136423000,827102545.4545455,9.4317e-08,32.0,125,11,58,80,227453200000,0.10446104956975764
0xa9b88d39575ffcf1bbf14aea23c7810b8f502e08,True,235,31,266,1710.7640758629786,6.431443894221724,1489685029000,1757144975000,1005488518.7969925,0.000491352940413748,300.59691,66,22,22,92,267459946000,0.08592838046860295
0xcbe324d3ae8b4b91525e139efe55d656d2ea4539,True,8,4,12,2.5585790783644,0.2132149231970333,1719513503000,1728978755000,788771000.0,0.004390308525105246,2.0,1,0,2,3,9465252000,0.10953749567364926
0x35a214b13c9e223b8d511f343ac8fa94293233a1,True,1903,307,2210,7763.14255175975,3.512734186316629,1510677766000,1768546427000,116682652.0361991,2e-18,210.0,890,125,125,406,257868661000,0.7404699712618432
0x197a78fe1bd3bbb64c1325c027bde8f67bac1770,True,314,104,418,1088.8836715195741,2.604984860094675,1542164370000,1768578455000,541660490.430622,2.56272e-13,27.0,185,17,16,120,226414085000,0.15950951108010794
0xe407799a4158046d8cdbaa390411c6270e4df8fd,True,4,2,6,30.774604252957502,5.12910070882625,1729068359000,1729091291000,3822000.0,0.06576366620459485,10.1,3,2,2,4,22932000,22.60596546310832
0x6b7b500cd54b09b136e4621ddb5b1bc6b7b344ba,True,342,159,501,201.13427130359278,0.4014656113844167,1624456524000,1764755579000,280038033.9321357,1.8485517861143e-05,10.05,38,2,64,180,140299055000,0.30852951931857275
0x95b55ba3886856c7cb7d1c7084bad70173186dc0,True,11,1,12,46.28224838163884,3.8568540318032363,1733392919000,1734788243000,116277000.0,0.022239468618326343,10.0,4,0,1,2,1395324000,0.743053226347429
0x95dd7a59490269c89343157387a1ff0eb9c2beae,True,116,20,136,378.93893223849597,2.786315678224235,1633593068000,1769034023000,995889375.0,1e-10,102.6,49,5,12,66,135440955000,0.08675662394731343
0x225468d0bb1f12bdbe842df596d575041b2b6776,True,24,8,32,18.38172583678344,0.5744289323994825,1617162611000,1752728111000,4236421875.0,0.000713154854445094,2.6,6,0,5,17,135565500000,0.020394569414784736
0x57bf3b0f29e37619623994071c9e12091919675c,True,290,13,303,2271.1468901021717,7.495534290766243,1613035838000,1766834279000,507585613.8613861,1e-10,345.0,173,40,13,82,153798441000,0.17021759017700316
0x6e3aa85db95bba36276a37ed93b12b7ab0782afb,True,2956,186,3142,43073.74579227019,13.709021576152193,1546554761000,1767629315000,70361092.93443666,1.4706747455733e-05,740.0,1341,487,69,294,221074554000,1.227951363412001
0x9209d23ec84202dd616324addf58faa36f7830c9,True,204,60,264,923.6716524870378,3.4987562594205976,1536490770000,1766004743000,869371109.8484849,0.000285080477511921,50.0,126,24,16,95,229513973000,0.09938218445636858
0xbc7c78059422e5907c79de6ee46500b7e96365c1,True,3,0,3,2.742690914819402,0.9142303049398007,1705622399000,1726887011000,7088204000.0,0.000783787635782788,1.7719071271836198,1,0,0,3,21264612000,0.012189265433105482
0xdad0a2445c4f6edb91f21de22105fe081e0e46c4,True,9,5,14,275.47228653243997,19.676591895174283,1682366243000,1754690963000,5166051428.571428,0.001,100.0,4,3,4,6,72324720000,0.016724572179470588
0x76e38d000d81698a441f526cf034a98ca0a08aaa,True,18,2,20,38.92924956244646,1.946462478122323,1729068119000,1729091339000,1161000.0,0.038820839364761585,10.08,3,2,2,4,23220000,74.4186046511628
0x3fb4600736d306ee2a89edf0356d4272fb095768,True,1202,169,1371,8589.708352889567,6.26528690947452,1559529361000,1769070623000,152838265.4996353,7e-18,60.0,791,293,70,207,209541262000,0.5653034579891
0x2238c6f75deffad03f61537ce40c434a7c23a7a0,True,208,35,243,265.7379878468663,1.0935719664480095,1555968682000,1764609227000,858603065.8436214,1e-18,17.167267318753005,44,3,20,79,208640545000,0.10062857149841128
0x37744663aa616c9c53cc25a240b9d92ea01b0231,True,23,3,26,163.29350608059096,6.280519464638114,1730383343000,1735836431000,209734153.84615386,0.0058601975957192,10.0,17,0,3,4,5453088000,0.4119500730595215
0xbfd12b79e3ddb321d8226d9b4241744e56c61579,True,65,10,75,6544.97852601806,87.26638034690747,1607034216000,1768852787000,2157580946.6666665,1e-10,1000.0,67,51,5,24,161818571000,0.04004484751011674
0x67e5ab5b573f01030a1076dda7a79ef0f31a1bfa,True,3275,304,3579,35096.31449013747,9.806178957847854,1497362922000,1768806935000,75843535.34506845,5.432303757942e-05,330.0,1904,663,61,248,271444013000,1.1391874021550072
0x28db92fdf955eed69296b1f2e2811b701d726618,True,142,9,151,3659.0567606064105,24.232163977525897,1570076251000,1765379303000,1293397695.3642385,1.63947303483e-07,548.9,86,40,8,69,195303052000,0.06680079940583827
0xd663a6a93427c0ffaf8f234b4231a2dd41d1c762,True,137,14,151,433.15605179321153,2.8685831244583544,1601147067000,1755873287000,1024676953.642384,0.001,23.05131769,90,8,9,21,154726220000,0.08431925758930839
0xB9CEc304899037E661F49DdFa7f64943b5920072,True,0,0,0,0.0,0.0,0,0,0.0,0.0,0.0,0,0,0,0,0,0.0
0x2da11c50ffaa4d939f9bdc9a47d6b54394087319,True,70,35,105,1067.740579763571,10.1689579025102,1622944137000,1765551695000,1358167219.047619,1e-06,200.0,34,18,22,44,142607558000,0.06361514163225486
0x45a5a33f0392fd7acd3ea0056e82629e82cb4e0a,True,47,26,73,58.06547750914635,0.7954175001252924,1513037072000,1708903751000,2683105191.780822,0.0012,5.6902099,14,0,18,17,195866679000,0.032201495589762874
0xf4e14d778c2dbd6fd1a04f08721941eb3e1c9d6c,True,1783,461,2244,1634.4582945356644,0.7283682239463746,1612299181000,1765302575000,68183330.65953654,1e-09,40.0,320,12,65,172,153003394000,1.267171890317675
0x4eb79a521ddb8bc5d7ee079faf85c1032320dd59,True,11,0,11,1.3769996155004893,0.1251817832273172,1690144571000,1721494619000,2850004363.6363635,9.1131730603429e-05,0.8,0,0,0,4,31350048000,0.03031574305723551
0xcf3c440b908ed564245e79452e1e81a259d6f584,True,8,1,9,13.128310511602873,1.4587011679558748,1724751899000,1760286671000,3948308000.0,0.004450422420068926,9.2,2,0,1,6,35534772000,0.02188279131212661
0xde3ba1b41e6c612a3ca3213b84bdaf598dffdb9b,True,179,17,196,761.4217336916792,3.8848047637330567,1586798839000,1751376155000,839680183.6734694,5.7408243186e-05,60.0,76,25,16,64,164577316000,0.10289631895564513
0x79092a805f1cf9b0f5be3c5a296de6e51c1ded34,True,433,55,488,233.17877847925857,0.4778253657361856,1648682659000,1768796087000,246134073.7704918,1e-18,8.6868,66,0,23,144,120113428000,0.35102819644777766
0x36cf80d36fda4530777aed39ae7f398e38fbb25f,True,140,28,168,121.2631388519856,0.7218043979284857,1506619767000,1764796463000,1536766047.6190476,1e-18,17.3,30,2,17,59,258176696000,0.05622196048244416
0x7126bb7ea0010fd4af7791722bdd228de607af1e,True,1,0,1,10.0,10.0,1719132683000,1719132683000,0.0,10.0,10.0,1,0,0,1,0,0.0
0x183373d7523731ae6c4616e4de920f079c5ed5ef,True,7,6,13,3.35,0.2576923076923077,1614006913000,1722717503000,8362353076.923077,0.01,0.505,0,0,2,4,108710590000,0.010332020091142915
0x64a07ffeb9305009bbce47177c46e62bc21e3947,True,0,0,0,0.0,0.0,0,0,0.0,0.0,0.0,0,0,0,0,0,0.0
0x84ecb387395a1be65e133c75ff9e5fcc6f756db3,True,3083,305,3388,2613.4072718734533,0.7713716859130618,1512281302000,1724283623000,62574474.91145218,1e-18,80.0,453,46,74,351,212002321000,1.380754694662046
0x8577b84527ced5d2d9f299dc6027a9e049c17d6c,True,286,18,304,5808.318581543274,19.106311123497612,1553917163000,1754889491000,661093184.2105263,4.45e-06,200.0,246,139,7,52,200972328000,0.13069261953317274
0xcc907531db31dac206b5faac12702641225c7ae5,True,241,13,254,107635.40255031404,423.7614273634411,1503088087000,1730789447000,896462047.2440945,0.00044811174506176,5800.0,188,110,9,39,227701360000,0.09637887099137221
0x420a6c1c79a6ce31ed9dc1c4343310c97b378f83,True,15,1,16,19.700112967285243,1.2312570604553277,1645344296000,1717875143000,4533177937.5,3.2905888404884e-05,5.0,6,0,1,9,72530847000,0.01905947685954915
0x2699c32a793d58691419a054da69414df186b181,True,14,4,18,68.07485063402883,3.7819361463349352,1594433434000,1765784003000,9519476055.555555,5.809e-06,58.09,4,1,3,9,171350569000,0.009076129767622773
0x3714e1078cb6f67ef01442b4213012b16889926f,True,213,32,245,265.0363277853357,1.081780929736064,1515955386000,1767499907000,1026712330.6122448,8.3979631175973e-05,116.0,47,2,26,108,251544521000,0.08415210124970282
0xaaea3f5868de8eb9bce8cbaa4b4f2d6dc1b92c95,True,128,69,197,297.45224181720135,1.5099098569401084,1599499208000,1749767879000,762785131.9796954,1e-05,40.55233768729201,46,5,35,80,150268671000,0.11326911914992581
0xfdcbfaf2210a057aec8e59524ab6ef3b1f70740e,True,14,0,14,148.46231346950552,10.604450962107537,1729918199000,1731264455000,96161142.85714285,0.46231346950552915,100.0,5,1,0,2,1346256000,0.8984918173066638
0x8b58f7c312406d7c6a5d01898f0c5aef31ee51a7,True,210,78,288,1370.254457629479,4.757827977880136,1516989646000,1768655579000,873840045.1388888,1e-09,150.0,163,33,42,82,251665933000,0.09887393062453154
0xcb4cecb0fdc778e917fa8727feed10fa8d542828,True,21,11,32,320.0062047542842,10.000193898571382,1715870567000,1749549551000,1052468250.0,1e-06,108.0,5,4,7,9,33678984000,0.08209273771441561
0x8558f502887a9a52c4b265d72327e0e529ff790d,True,560,40,600,18271.193437615028,30.451989062691712,1600821164000,1767761027000,278233105.0,4e-06,1140.601235503446,463,196,6,72,166939863000,0.31053098444198435
0x3fdbeedcbfd67cbc00fc169fcf557f77ea4ad4ed,True,1161,21,1182,2569.834016670379,2.1741404540358533,1579153363000,1729613147000,127292541.45516075,3.575516248805e-06,160.0,496,29,20,204,150459784000,0.6787514728852728
0x4569c1ab9c4fc9b29cfbaddad569e89d5a202f3d,True,62,9,71,1966.4108750788594,27.695927818012105,1545727134000,1759917083000,3016759845.0704226,2.3731555901966e-05,185.0,45,28,6,26,214189949000,0.02863999934936256
0xe623ba79942a573c5d933b823c6bf5e5bcd27663,True,8,2,10,2.8071209796602368,0.2807120979660237,1643865692000,1697734031000,5386833900.0,0.01,1.2,1,0,2,7,53868339000,0.016039106013645603
0x5f2f6ce97c7e1cff7032ab46dd1c8b1dfa78dffe,True,83,99,182,478.0525872109514,2.6266625670931396,1607430934000,1764266735000,861735170.3296703,1e-18,119.835842,17,9,73,66,156835801000,0.10026282200707477
0x0338ce5020c447f7e668dc2ef778025ce398266b,True,2331,201,2532,1975.9409731871806,0.7803874301687127,1600909739000,1763685011000,64287232.22748815,1e-18,28.8,378,29,57,417,162775272000,1.3439682656466396
0x8f73be66ca8c79382f72139be03746343bf5faa0,True,34,2,36,7.232202110434371,0.2008945030676214,1588547900000,1768654679000,5002966083.333333,0.000268462999420062,1.3,1,0,2,23,180106779000,0.017269755293330743
0xfd8402f6f8541c373fadfa8db8440952805b406b,True,1,0,1,10.0,10.0,1719229403000,1719229403000,0.0,10.0,10.0,1,0,0,1,0,0.0
0xd9a4693bc2d2b0246f931cd307d2bc53328cd73d,True,490,93,583,31181.668102895208,53.48485094836228,1498779263000,1768125731000,462000802.74442536,0.00081657802844512,650.0,504,371,21,75,269346468000,0.18701266207062348
0x0d801699678375e43d14f67453e24f17ebbaef8a,True,939,456,1395,258.960161828987,0.18563452460859284,1573087041000,1764350291000,137106272.4014337,1.980392408e-09,13.947153960171304,47,4,99,258,191263250000,0.6301681060004993
0x63472b25fa21c833a135af0a235b4a8a155922c6,True,70,24,94,20.08674567720657,0.2136887838000699,1667796875000,1768446959000,1070745574.468085,4.2082184389652e-05,4.00209829,7,0,13,30,100650084000,0.08069143787301758
0x7f327f06e5356fef509404731b87ddd5e657dca4,True,15,29,44,4.701687516840415,0.10685653447364579,1720281959000,1725292979000,113886818.18181819,0.000387292169,1.18,1,0,12,13,5011020000,0.7586479399403714
0xac0f76a8c30e23bc197d26465e7be319713c5224,True,882,224,1106,6148.24346564582,5.558990475267469,1489619105000,1767048095000,250839954.7920434,1e-18,279.0,466,114,107,282,277428990000,0.34444273469762476
0x56b421c0aaca80be6447b7c330222c5a1ce27d4f,True,20,5,25,81.06545825126575,3.24261833005063,1646279022000,1760734031000,4578200360.0,1e-09,32.2,11,1,4,15,114455009000,0.01887204429820979
0x47d3f20576edc2024d2c3d9cc263a60ad7ef3f76,True,1041,586,1627,5598.203201480399,3.4408132768779343,1629663254000,1768197671000,85147152.4277812,1e-09,356.7402182841011,434,64,109,417,138534417000,1.0147139104068268
0x530defd6c816809f54f6cfa6fe873646f6ecf930,True,126,32,158,4297.591973545832,27.199949199657166,1602786419000,1768200623000,1046925341.772152,1e-09,514.3,122,58,16,36,165414204000,0.0825273747350016
0x86a851c344c76f39a5258d9fe431b2660fae8479,True,34,7,41,20.57359623387865,0.5017950300946012,1639529009000,1757990315000,2889300146.3414636,1.8182055482447e-05,4.37,5,0,4,29,118461306000,0.029903435304013952
0xcf63e1c31805254b6fb3ed7829206c2b2505e3a7,True,356,16,372,9984.357971441914,26.839671966241703,1595318020000,1737033107000,380954534.94623655,1e-18,360.0,264,136,10,98,141715087000,0.2267987176270089
0x4e53433495619613251ed5d9360d205a3b87d047,True,79,27,106,88.92142352670056,0.838881354025477,1557412604000,1733810363000,1664129801.8867924,0.0001,8.0,27,0,17,47,176397759000,0.05191902693049519
0x03f7f1ab10e8ba1f6c3b7ea588087ee12d44dcc8,True,380,65,445,1337.740270113826,3.0061579103681484,1620507835000,1767162731000,329561564.0449438,1e-06,152.0,107,25,25,113,146654896000,0.2621664945983119
0xc0810e5f17915dfe97b57947a3d84094572689ac,True,502,22,524,33105.1597632399,63.17778580770973,1556670734000,1768003175000,403306185.1145038,1e-09,1499.0,293,142,12,75,211332441000,0.21422929572843008
0xced608aa29bb92185d9b6340adcbfa263dae075b,True,248,36,284,335.3971351220338,1.180975827894485,1569971457000,1756472555000,656694007.0422535,0.0001,20.0,60,5,19,122,186501098000,0.13156812621017386
0xe10da2e45b1fc71cd675c845169c6dddceba1dd4,True,21,8,29,24.902648534276846,0.8587120184233396,1721224595000,1763722655000,1465450344.8275862,0.000718214,6.763759672131837,4,0,4,13,42498060000,0.05895798537627365
0x5d5fc5b584041594bbd289a68c84bc5f85ba6736,True,481,88,569,101.91697464904284,0.1791159484165955,1632937292000,1767473999000,236444124.78031635,9.917187313585e-06,6.0,13,0,32,120,134536707000,0.36541402786081273
0x7870786d94c94940135833d79a5a643cfecacf7e,True,0,0,0,0.0,0.0,0,0,0.0,0.0,0.0,0,0,0,0,0,0.0
0xcb04280287750347925f33e7d54ca27cc861dfc2,True,52,11,63,117.47541262586505,1.8646890892994452,1617183663000,1758220847000,2238685460.3174605,0.00025,14.0,28,1,8,20,141037184000,0.038594077431381504
0x6930c0ef40a7610900e8164eddd0c5f2e811c794,True,19,2,21,80.24988524744403,3.821423107021144,1728443915000,1731072803000,125185142.85714285,0.04479592989349267,10.0,8,0,2,2,2628888000,0.6901777481581566
0x20dd6b24f1f9ebf4dbc5a330b0fe708f2b37ebf7,True,16,5,21,6.810849283553848,0.3243261563597071,1642576164000,1752369635000,5228260523.809524,0.0001,1.0,0,0,3,12,109793471000,0.016525572818442
0xdd1dc0246a9fe9b74def0ea8fddff60be09fd506,True,131,12,143,3535.289903731461,24.722307019101127,1600903324000,1745515127000,1011271349.6503496,0.000374647301176226,429.0,125,71,5,25,144611803000,0.08543700959181043
0x1dc615b9aa6c8dde217ea15c4a020032a6db838a,True,0,0,0,0.0,0.0,0,0,0.0,0.0,0.0,0,0,0,0,0,0.0
0x6a120d80ab56eef4e29a5913019e92f5d75423ad,True,15,3,18,7.536196359196236,0.418677575510902,1655349486000,1724876435000,3862608277.7777777,0.000777,2.11,2,0,3,12,69526949000,0.022368304986315448
0xa7269c74294e399d700a58be9f035b652dd67e48,True,1368,89,1457,1562.0299300742206,1.07208643107359,1609783323000,1762962611000,105133347.9752917,5e-06,43.650983047301686,283,22,28,331,153179288000,0.8218134556154877
0x2923be587904f3034ffab36c86c495df3c21bc97,True,359,43,402,1330.944280300442,3.3108066674140346,1514642558000,1732330655000,541512679.1044776,0.0005,64.4,129,27,16,83,217688097000,0.15955305080369186
0x24db7c9c6af761c4f2203f4994a7e667a9094b91,True,92,32,124,288.16167206832546,2.323884452163915,1680310067000,1767992495000,707116354.8387097,1e-10,10.87388,62,1,13,55,87682428000,0.12218639748433974
0xf632ce27ea72dea30d30c1a9700b6b3bceaa05cf,True,174,22,196,84.3238375180802,0.4302236608065316,1504999388000,1768823207000,1346039892.857143,1e-09,5.0,23,0,13,84,263823819000,0.06418829074716716
0xcc9a7b2a59c95b4b5e915762d27f5f0dde49134a,True,14,9,23,4.566403868611323,0.1985392986352749,1631570431000,1763896979000,5753328173.913043,0.000552707870726497,2.168378829141699,1,0,3,12,132326548000,0.01501739469543179
0x7dc22795e01ff8b0693b7f7468cb47e58117cb9f,True,206,38,244,1501.4955526495762,6.153670297744164,1599407704000,1728334475000,528388405.73770493,1e-05,60.5,160,48,13,28,128926771000,0.1635160784411486
0xe1c14b9f065dead2e89ee35382f8bd42bdb87a04,True,0,3371,3371,763.7345866800628,0.2265602452328872,1706685575000,1768948955000,18470299.61435776,9.2096566743245e-05,25.0003899695407,169,11,1768,0,62263380000,4.67778010124089
0x22d6b838835fad569a21d0d6347366598ec1e833,True,7,4,11,2.165068222708998,0.1968243838826362,1719042779000,1725214895000,561101454.5454545,0.007109620128998099,0.60123,0,0,1,6,6172116000,0.1539828480216509
0x5008b832bb684080c5965c6a484ba75950be54d3,True,157,40,197,826.6190548339292,4.196035811339742,1721140499000,1730154791000,45757827.41116751,4.5844538807761e-05,20.6,85,5,21,63,9014292000,1.8882015359608941
0x99999a0b66af30f6fef832938a5038644a72180a,True,1,1,2,0.14813584741551464,0.07406792370775732,1700781215000,1750191971000,24705378000.0,0.029135847415514636,0.119,0,0,1,1,49410756000,0.0034972142502737663
0x36491840ebcf040413003df9fb65b6bc9a181f52,True,8,1,9,100.69003481733725,11.187781646370805,1734991751000,1737953675000,329102666.6666667,2.94e-05,100.0,1,1,1,2,2961924000,0.26253205686574
0x644be8a25be30a21e2dffeae4fc43937fbcf3efd,True,999,269,1268,740.7155930425159,0.584160562336369,1590240233000,1765999451000,138611370.66246057,3e-18,32.0,119,10,83,372,175759218000,0.6233254861204491
0xdfef68b86eff06691e3edfaebf620c84eb86f0e3,True,941,241,1182,3455.850905742057,2.923731730746241,1622166776000,1767974579000,123356855.32994924,1e-17,100.0,235,92,155,355,145807803000,0.7004069597016012
0x1c2de0748657230e558a3682472ad1c6b9de67b6,True,1,2,3,0.07385196899999999,0.024617322999999997,1602176446000,1668200663000,22008072333.333332,0.009179279,0.04185269,0,0,2,1,66024217000,0.003925832244250621
0x85e922c69368c6c803dbb8b5dd6089390bf870e5,True,13,5,18,15.356348847753214,0.8531304915418452,1659310471000,1761526487000,5678667555.555555,1e-07,4.9,4,0,3,8,102216016000,0.015214836782525354
0xa33c7f924399b59a8ee627388a108beab5e12eaf,True,549,181,730,4756.955347453556,6.516377188292543,1523516095000,1767530867000,334266810.9589041,6.393391927366e-06,155.45968548645064,359,124,71,115,244014772000,0.2584761548780334
0x4b00a17a8a4c7dc2f71777207b1c1bd6c132d394,True,176,22,198,179.00370142775776,0.9040590981199887,1553168310000,1738160399000,934303479.7979798,0.000777,10.0,40,0,11,82,184992089000,0.09247530579537377
0xd1bcfc328cf5b3a4df4253f021a0ed65d5445c8f,True,3,0,3,110.26000891302051,36.75333630434017,1732044227000,1733972351000,642708000.0,0.2600089130205134,100.0,2,1,0,2,1928124000,0.13443118803562426
0xf87292b8f4a792cdd083f0d864c676079e0c8cda,True,46,23,69,23.783113384967145,0.34468280268068324,1638438437000,1728629111000,1307111217.3913043,0.00069,10.0,4,0,19,27,90190674000,0.06609996062342322
0xca1cc5f323d3b8f7f4dd852eb437307c237ff550,True,52,43,95,864.4703928139168,9.09968834540965,1595779741000,1763316719000,1763547136.8421052,1e-08,83.88146519,34,18,7,27,167536978000,0.04899216935857587
0x7b87cef4dd630c41f2a1c895b04ac6b3718f97bc,True,57,9,66,116.02081897319623,1.7578911965635793,1610736877000,1752247463000,2144099787.878788,0.000103266176714876,12.1,24,4,7,31,141510586000,0.040296631942432916
0xc2dc013edd48afdcd7b872d51d55ccd1a7717e28,True,349,106,455,2994.149448792942,6.580548239105368,1546712658000,1754607191000,456911061.53846157,6.4e-11,200.0,238,70,17,45,207894533000,0.18909588161224036
0x59a861ee824ffd087ca6f5a77ab98f7cd93e521f,True,52,6,58,54.92852885938497,0.9470436010238787,1730252843000,1741460351000,193232896.55172414,1e-05,22.000010191922833,12,1,5,13,11207508000,0.4471288354199703
0xec7139879921b3682a1685e28b6da5a0b54a4336,True,207,53,260,1710.2840376856043,6.578015529560017,1514949064000,1760078675000,942806196.1538461,0.000498663581601309,280.0,64,19,20,106,245129611000,0.09164131541823399
0x0daf35bfafac981ee973f0dfcef1410162d9e46f,True,336,129,465,214.4846045833205,0.4612572141576785,1630105931000,1765427387000,291013883.87096775,5e-05,4.5,53,0,24,72,135321456000,0.2968930514611075
0x697f7df70b9440b66c59a3ea891e25cc832289c0,True,247,64,311,6372.8223449330035,20.491390176633452,1600899287000,1740666239000,449411421.22186494,4.7128861958008e-05,248.0,282,190,17,72,139766952000,0.19225145583771477
0x1495362ff4549b757a5604e818a8112ec98c1e86,True,110,18,128,76.8554505325683,0.6004332072856898,1628926308000,1744249955000,900965992.1875,9.6285781095e-06,5.560561428636052,24,0,4,29,115323647000,0.09589707130923461
0xb1b7586656116d546033e3baff69bfcd6592225e,True,250,77,327,1285.780307424302,3.932049869799089,1540840617000,1765473683000,686951272.1712538,0.000431525633568061,518.506404687806,35,7,27,102,224633066000,0.12577311302869365
0x47e9a5692cff5bffef1fd09facfd30d749f0e490,True,19,7,26,12.85817349968831,0.4945451346033965,1574614479000,1721490419000,5649074615.384615,0.0002,2.123,6,0,4,15,146875940000,0.015294540412813699
0x1253594843798ff0fcd7fa221b820c2d3ca58fd5,True,211,27,238,286.32941387980395,1.203064764200857,1613530825000,1748562143000,567358478.9915966,0.00069,94.0,36,6,14,90,135031318000,0.152284672212116
0xa216d0bf21499b6e01e8c2b1dd56b7c4f1cb48b7,True,185,33,218,397.25747706122803,1.8222820048680184,1616602226000,1761466463000,664514848.6238532,0.00023726993427915,31.0,62,10,21,82,144864237000,0.13001966800128867
0x8c0e1c1b7ca56cbf74b88de1c07e0a7216ee90b6,True,409,82,491,356.5964741852859,0.7262657315382605,1520693828000,1757717123000,482735835.0305499,7.868000217682e-06,20.0,105,1,7,131,237023295000,0.17897987621849573
0x90730f29af95d15a3c722080c2799f897c32fe98,True,167,32,199,141.64439749752285,0.711780891947351,1509357607000,1750265315000,1210591497.4874372,0.000334900772984576,10.0,33,0,14,54,240907708000,0.07137007006849279
0x623a7bbad10f80be2ee7e7fec46a55a3a9d065ba,True,453,48,501,1258.7184925805113,2.512412160839344,1606661398000,1763061839000,312176528.9421158,1e-18,170.3,84,18,14,181,156400441000,0.27676648303056894
0xb3e1b74963301d2ebd72eceae539007c3aff3424,True,165,24,189,191.11236518072567,1.0111765353477549,1549838712000,1768204967000,1155377010.5820105,3.331199473376e-05,10.0,39,0,15,57,218366255000,0.07478078515382333
0x54cf8930796e1e0c7366c6f04d1ea6ad6fa5b708,True,442,74,516,376.8708225648774,0.7303698111722431,1591181682000,1767236675000,341191846.8992248,6e-07,11.2,85,1,35,87,176054993000,0.25322996661616975
0x66edf2f79ad0421d2199c1bfba7f34fb789b5131,True,195,22,217,385.2328893721897,1.7752667713004133,1609916691000,1769038787000,733281548.3870968,0.000310505443878784,23.494612630922926,80,5,16,38,159122096000,0.11782650223511384
0x9843c8a8263308a309bfc3c2d1c308126d8e754d,True,9,11,20,9.043777479552938,0.4521888739776469,1635933913000,1748796923000,5643150500.0,0.000753735683549524,3.3,2,0,6,7,112863010000,0.015310596447853021
0x10eb26fc97bf8b848c9198c6d45d6db6f4c1e68e,True,1088,402,1490,515.8573992201003,0.3462130196108056,1629608637000,1754141375000,83579018.7919463,3.2e-05,60.0,83,2,92,411,124532738000,1.0337522652075635
0x2691638fa19357773c186ba34924e194b4ab6cda,True,0,0,0,0.0,0.0,0,0,0.0,0.0,0.0,0,0,0,0,0,0.0
0x7846dbfe53eb68e152d299fb8300af090bc675f9,True,1,1,2,19.891066750046775,9.945533375023388,1723722887000,1723724195000,654000.0,9.94201040789136,9.949056342155416,2,0,1,1,1308000,132.11009174311926
0x7a12f8072667a18092e90fc6485d468caaa2179f,True,658,123,781,475.77141354982905,0.6091823476950436,1606343628000,1768966283000,208223629.9615877,2e-18,16.212578408760283,109,7,33,275,162622655000,0.4149384967303602
0x32af25467b00aae516505b3331cfec52092ea5ba,True,575,89,664,514.0436953986291,0.7741621918654052,1592868599000,1765914551000,260611373.4939759,7.8e-06,20.0,109,2,23,96,173045952000,0.3315281249687944
0xee2826453a4fd5afeb7ceffeef3ffa2320081268,True,1067,743,1810,1439643.675443961,795.3832461016359,1479834019000,1768673999000,159580099.44751382,1e-18,16818.0,1059,937,105,170,288839980000,0.5414208933264709
0x0ea1e9ac50ec4d8db153580c2aec1c5ee13c0961,True,339,97,436,4093.3905950228877,9.38851053904332,1575350171000,1768232315000,442390238.5321101,1.9064251668378e-05,230.0,212,98,17,71,192882144000,0.1953026818283397
0xbbf75268e30622949790f797eb42f7551e650260,True,2,1,3,0.23356306103587543,0.07785435367862514,1724642807000,1725240503000,199232000.0,0.015009551035875429,0.11855351,0,0,1,2,597696000,0.43366527465467397
0xd0e1e7cc5a246614a81136be03d1b8f24e4f3a66,True,520,209,729,24241.90953963053,33.253648202511016,1588598579000,1764046163000,240668839.50617284,4e-06,860.0,423,296,31,76,175447584000,0.35899952888493464
0xdefbf521012a300ebc7d33854673bd6b65b5f075,True,170,27,197,230.97483497800312,1.172461091258899,1574627904000,1741791815000,848547771.5736041,0.000123,32.0,40,1,7,22,167163911000,0.10182102044740986
0xf15a6db87bbc8cb6fb1091ae2f41bc5e0d28c7d8,True,30,2,32,358.1004533348161,11.190639166713003,1567170327000,1724783975000,4925426500.0,0.000103613352327186,74.2,17,8,2,22,157613648000,0.017541628120935314
0x245bc7bec8d7ae53ed04dff775d60e9d4f11779f,True,0,0,0,0.0,0.0,0,0,0.0,0.0,0.0,0,0,0,0,0,0.0
0x05e11de553a95955151d9815ef96ad0cd8daf6de,True,106,4,110,12537.868572699681,113.98062338817891,1576796059000,1754181095000,1612591236.3636363,1e-07,1200.0,99,68,3,18,177385036000,0.053578363848008015
0xf18f923480dc144326e6c65d4f3d47aa459bb41c,True,0,558,558,10.038262371859632,0.01798971751229325,1712782307000,1748906507000,64738709.67741936,6e-05,0.05,0,0,3,0,36124200000,1.3345956450246648
0x93f3f612a525a59523e91cc5552f718df9fc0746,True,133,10,143,213.78378919074956,1.4949915328024446,1523505312000,1729086707000,1437632132.867133,0.000122738236946546,14.2,37,3,10,59,205581395000,0.06009882363138941
0xf43f2416f41b0b58086ff06040115b9522dfbe8c,True,139,33,172,1055.6824034045144,6.137688391886711,1566051949000,1754061875000,1093080965.1162791,1e-06,37.0,110,41,21,59,188009926000,0.07904263522767409
0xc219cafde6855f60da76d9cacc3873fda65516e6,True,283,114,397,1910.0929811025653,4.811317332752053,1615037878000,1767473435000,383968657.43073046,1e-15,141.37950692672277,158,42,38,102,152435557000,0.225018366285761
0xb7bfcdc3a2aa2af3fe653c9e8a19830977e1993c,True,72,31,103,49.453960139308904,0.48013553533309616,1600978852000,1735364687000,1304716844.6601942,1e-06,4.0,17,0,15,25,134385835000,0.06622126506115766
0x66b0d6cd3a7704baeeb42a78122311949ac3b743,True,654,1506,2160,3933.312000602294,1.8209777780566176,1470412995000,1766190803000,136934170.37037036,1e-17,82.70103915,547,95,61,308,295777808000,0.6309601158447966
0x9a46fc1cb618183c5da1e70aa69b6e23f4850245,True,58,20,78,19.022455989716292,0.24387764089379863,1543436845000,1759416323000,2768967666.6666665,0.000177027,3.2,4,0,16,35,215979478000,0.031202964570550544
0x80765e2add4e63a33994667dc8cb0c6bec6c5fe6,True,61,2,63,389.0101227156175,6.17476385262885,1631573817000,1741382999000,1743002888.8888888,0.000162512219249162,50.0,40,9,2,30,109809182000,0.049569625243178664
0xbd9cf606a81da379d1ad3874363746f73295915a,True,440,103,543,266.88781728619534,0.4915061091826802,1538149812000,1763834147000,415624926.335175,6e-06,19.0,57,1,69,84,225684335000,0.20787973609244964
0x0d09dc9a840b1b4ea25194998fd90bb50fc2008a,True,234,46,280,2415.5593127494035,8.626997545533584,1509428424000,1762929251000,905360096.4285715,1e-18,104.343329418189,147,56,31,82,253500827000,0.09543164133346199
0x224aba5d489675a7bd3ce07786fada466b46fa0f,True,107,28,135,116.40672053234428,0.862272003943291,1536180514000,1755227951000,1622573607.4074075,1e-18,23.0729,20,1,24,76,219047437000,0.053248739906507095
0xd2559061b1b284464fe42594022fc8925de4523e,True,1,2,3,1.3493562069008163,0.4497854023002721,1751942951000,1754181467000,746172000.0,0.1,0.6493562069008162,0,0,1,1,2238516000,0.1157909972499638
0x193f0ee42a199a0cecd479a9f09ba293eb1ca357,True,1009,61,1070,5354.053834641633,5.003788630506199,1564106680000,1762708007000,185608716.8224299,1e-09,188.0,318,130,40,332,198601327000,0.4654953790918024
0x0ea1027340Cc90eaDAbE0b5A5fa42cA609001F12,True,5,1,6,0.10936734000000001,0.01822789,1518522350000,1733522531000,35833363500.0,0.002,0.05736734,0,0,1,5,215000181000,0.0024111607608367546
0xf2cc0c49d63706c9b738f38e91f65618ad3496e9,True,49,33,82,453.06353785533463,5.525165095796764,1600974292000,1717532531000,1421441939.0243902,0.000561926464775479,50.2,33,12,5,19,116558239000,0.060783347970794245
0x3fd4c9f7e0af52d2584de14b289f488fe7bd1a4c,True,13,6,19,14.805289482818187,0.7792257622535889,1604014434000,1727827139000,6516458157.894737,1.555926994622e-05,5.0,5,0,1,12,123812705000,0.013258736250048005
0xf757b927f0e02c8089ca03a75701d5a834ec3eda,True,5,4,9,32.557382261717486,3.6174869179686095,1720458455000,1721829551000,152344000.0,0.003714922017046274,10.0,3,0,3,2,1371096000,0.5671375308512314
0x54c1530628a67c3ef537f01712b9bb517acdaec2,True,191,34,225,1596.5495149558203,7.095775622025868,1518300629000,1768727159000,1113006800.0,1e-18,121.0,120,23,19,114,250426530000,0.07762755807062455
0xbdd6fbdf54c5c9b6c3e127cddfeecbd70d9d09aa,True,84,16,100,3218.8311761643263,32.18831176164326,1514512603000,1755098543000,2405859400.0,0.000238274086632036,284.0,49,39,14,35,240585940000,0.03591232305595248
0x99ed04c212dd3929e9063bd78b26ef41858cb62c,True,231,33,264,3036.252546034763,11.500956613768041,1567213117000,1762408955000,739378174.2424242,6.115783455539e-06,156.0,176,73,10,81,195195838000,0.11685495056508324
0x0367435fa7f6f8c0bfa8089bc06261e90949367a,True,35,15,50,3136.2190301239434,62.72438060247887,1652939359000,1762938599000,2199984800.0,1e-10,251.0,26,24,6,20,109999240000,0.039272998613444965
0x40d269fc57a06b31595e05cc53566885cdddc935,True,1,1,2,0.0865,0.04325,1706646983000,1724688431000,9020724000.0,0.04,0.0465,0,0,1,1,18041448000,0.0095779451848876
0xce4ab0f5209f6db8aaebd0cb8fddb0ad38c87562,True,137,72,209,2220.6221456961393,10.624986343043728,1499420588000,1722333275000,1066567880.3827751,0.001,100.0,137,51,32,71,222912687000,0.08100750227823506
0xb1071993a661f0257158995110dd414e93b91e81,True,4426,972,5398,5349.571136220109,0.9910283690663411,1598456565000,1769007335000,31595177.843645796,1.389562792168e-06,151.0,684,99,96,242,170550770000,2.73459451399721
0x50b4d6cc661f89d850cbd58c4c5878dd9428ebc0,True,817,2691,3508,8605.605638603214,2.453137297207302,1558066386000,1729837703000,48965597.776510835,2.66666666666e-07,79.96129718707134,824,760,2661,40,171771317000,1.7645041401178754
0x4b65b07f20ed7ca3426f4577a79897978dff7ec3,True,15,1,16,122.67911565308431,7.667444728317769,1679641715000,1750660127000,4438650750.0,0.01,41.0,6,2,1,5,71018412000,0.01946537469747986
0xcd5d902b33171215dfa85729ce175692c7987d4b,True,8,8,16,9.30714875557295,0.5816967972233094,1732190939000,1736802827000,288243000.0,0.006286210774612211,1.519569630498572,3,0,4,6,4611888000,0.2997470883941674
0x84a965ebce300689167f300c354ea995c75f4fb8,True,6,1,7,335.70958958210895,47.958512797444136,1670957183000,1731791891000,8690672571.428572,1.054,167.0756438,7,4,1,6,60834708000,0.009941693153191431
0x7d4e6ac859e207036f0bd1f891a7661122f87198,True,115,88,203,237.89801022137678,1.1719113804008707,1603314127000,1764333479000,793198778.3251232,1e-09,10.02,30,2,23,42,161019352000,0.10892603766036768
0x67efa17cd1c6118b32764a9384cf341d9fabd887,True,31,49,80,47.26873255244116,0.5908591569055145,1658238559000,1767265187000,1362832850.0,1e-10,7.41747201,10,0,22,23,109026628000,0.0633973564696507
0x72743ae2822edd658c0c50608fd7c5c501b2afbd,True,4,2,6,0.2150125272342141,0.03583542120570235,1734402923000,1747294595000,2148612000.0,1.2527234214076e-05,0.1,0,0,1,4,12891672000,0.04021200663498109
0x0d779d67a428457cabec145a0f94703d14cd496b,True,434,110,544,6652.322143515321,12.228533352050222,1533696008000,1760990435000,417820637.86764705,0.000365139410226825,675.0,377,77,21,73,227294427000,0.20678729619710387
0x1265156d15eccf173f39c41bbe028c95cc420388,True,26,8,34,48.839729229091795,1.4364626243850527,1652774727000,1753464203000,2961455176.470588,2.0575388017926e-05,17.49,6,1,6,21,100689476000,0.029174846435788385
0x5555555550a33ff78cece5fe8bcad75486a5dde3,True,94,979,1073,46.493500200830425,0.04333038229341139,1716697391000,1723535699000,6373073.625349487,1e-18,10.0,13,0,876,63,6838308000,13.557037793559461
0x69498f71c6c260f7be84c4bc6b30cbc2a641d088,True,36,29,65,2227.646351458759,34.27148233013475,1564414908000,1765269011000,3090063123.076923,1e-18,449.981738565,44,28,16,25,200854103000,0.027960593864492775
0xd0554b8dc33b4be4bee98718a7b5f8009a67a6b7,True,132,41,173,4266.148039746521,24.65981525865041,1527298518000,1741923899000,1240609138.7283237,3.77679e-05,278.98323,102,61,26,56,214625381000,0.06964320776208663
0x5668ead1edb8e2a4d724c8fb9cb5ffeabeb422dc,True,316,50,366,3478.449098465436,9.503959285424688,1511034904000,1764888263000,693588412.568306,3.21e-06,183.36214529458576,245,76,46,82,253853359000,0.12456955513438764
0x74a2682aab14963622425e313b9acb393aef4799,True,1734,112,1846,870.2865441729518,0.47144449846855463,1612506759000,1763086811000,81570992.41603467,6.2191309235255e-05,21.7,184,2,45,436,150580052000,1.0592000592482196
0xf3fcfcde32883d78e5c289b75c2d71c5ea36f56d,True,102,93,195,127.30272938272688,0.6528345096550097,1606488107000,1749659591000,734212738.4615384,6.092568419673e-06,7.34934063,25,0,11,34,143171484000,0.11767706479874163
0x5c8494ffcfba5ab54f9a812c2f3157fb07a974a5,True,677,160,837,11599.233056056975,13.858104009626016,1502869854000,1762636031000,310353855.43608123,1e-06,1135.5,465,121,108,252,259766177000,0.27839190165238487
0x27eab7d3ce4c84b9afb0324deb7c56bd72fc2fa0,True,223,48,271,26218.488243787444,96.74718909146658,1597515720000,1741033559000,529586121.7712177,1e-06,1395.0,212,169,27,73,143517839000,0.16314626922441328
0x1e342d8cd201ce9d9c14f3a015c8dae0f41e40fa,True,420,104,524,655.0396838630948,1.250075732563158,1627784903000,1762379807000,256860503.8167939,3.2589914661045e-05,20.0,141,5,33,152,134594904000,0.33636934723769335
0x6ccdc6483a9740c29f1dfd9bc66067f9b87ae913,True,2,0,2,0.0073049201121818015,0.0036524600560909008,1726737023000,1739191175000,6227076000.0,1.0813565839521e-05,0.00729410654634228,0,0,0,2,12454152000,0.013874890879764436
0x93a22f5b325ff669e225563c602685e75a853934,True,13,12,25,11.855016431505481,0.47420065726021926,1721994143000,1738319135000,652999680.0,1e-06,5.0,1,0,12,8,16324992000,0.13231246912709055
0x986aa99a975c169f9918d8cd52596fc8d6e55675,True,31,16,47,267.2974587322155,5.687179973025861,1618093431000,1728727391000,2353914042.5531917,1e-10,76.1,17,4,8,17,110633960000,0.036704823726819505
0x81531c19f14569794667b898c20be882a904cd84,True,17,0,17,88.5385,5.2081470588235295,1723959707000,1723961543000,108000.0,0.5385,10.0,8,0,0,2,1836000,799.9999999999999
0x655966dc93a6aa605cc3232e7d049d9cfd2f2e1c,True,11,0,11,7.209999999999999,0.6554545454545454,1647084120000,1730323799000,7567243545.454545,0.02,2.5,1,0,0,6,83239679000,0.011417631728253061
0x6f9bb7e454f5b3eb2310343f0e99269dc2bb8a1d,True,3322,812,4134,23577.10748989495,5.70321903480768,1497389283000,1769033303000,65709729.07595549,1e-18,1058.0,2060,455,108,533,271644020000,1.3148737822389758
0x978452c747ee0b617285caf3c50cae0103af5656,True,84,24,108,119.78376825122733,1.109108965289142,1492600432000,1763670827000,2509911064.814815,0.000692981,25.0,8,4,17,59,271070395000,0.03442353046336912
0x1d359a35e4c71da5fa17ba56a5cc1c88768350c2,True,8,4,12,2.419894817384612,0.20165790144871767,1719043595000,1725297599000,521167000.0,0.003447827216833862,0.5924324,0,0,1,6,6254004000,0.165781793551779
0x3630220f243288e3eac4c5676fc191cff5756431,True,265,66,331,20643.509726240038,62.36709887081582,1621944292000,1767024731000,438309483.3836858,1e-18,739.0,249,216,18,58,145080439000,0.19712099161762256
0x88ed4ce34fc3f54a24768a5acd08d59ae860e079,True,126,15,141,1032.0296899522327,7.319359503207324,1575837532000,1738636355000,1154601581.5602837,9.4496656857152e-05,115.0,92,20,6,43,162798823000,0.0748310078384289
0x3c516f085e94177eaf0bdfb5b5eb1ab71052d064,True,199,85,284,79.54613980606207,0.2800920415706411,1601201909000,1762443887000,567753443.6619718,4.844e-15,3.80890309,18,0,15,92,161241978000,0.15217873350573757
0xdac3f0e0283a112fbe6deb5fb666b174767ba7ca,True,170,54,224,84.58893354925033,0.3776291676305818,1644762670000,1768141367000,550797754.4642857,0.00017789169689184,10.0,15,0,29,57,123378697000,0.15686338460844665
0x6a111f7d28856385263eedba7e12b37e4eed7997,True,231,53,284,10.180187285286799,0.03584572987777042,1705656395000,1764903059000,208615014.08450705,1.27e-12,0.8564402767186485,0,0,16,94,59246664000,0.41416002764307536
0x7093f8979a945bcdc52284027929defa99977671,True,23,5,28,2263.8235755332216,80.85084198332935,1612314447000,1751259599000,4962326857.142858,0.05,800.0,20,10,4,17,138945152000,0.017411186825719547
0x94e80563597e66094eba1df23593e16161f28ac1,True,3,3,6,1.2393658569069175,0.2065609761511529,1718797787000,1730018123000,1870056000.0,0.03121212,0.32372542802201193,0,0,2,3,11220336000,0.04620182497208639
0x773004cb850354e91f6c3bc23f3abe70c1f56284,True,0,0,0,0.0,0.0,0,0,0.0,0.0,0.0,0,0,0,0,0,0.0
0x6c068fc28043599be8c0ba23b29bd39de080f857,True,148,13,161,1154.6630317483048,7.171820072970837,1581875664000,1759325579000,1102173385.0931678,0.000636907599068,100.0,59,18,13,74,177449915000,0.07839057009410233
0x0ea1027340cc90eadabe0b5a5fa42ca609001f12,True,5,1,6,0.10936734000000001,0.01822789,1518522350000,1733522531000,35833363500.0,0.002,0.05736734,0,0,1,5,215000181000,0.0024111607608367546
0x7f689ac95f07e7feea35ae0bc5ef5de088519575,True,8,38,46,61.04011373999022,1.3269589943476134,1720815731000,1738782179000,390574956.5217391,0.00229475342368837,10.0,9,0,21,6,17966448000,0.2212123398013898
0x9efa0a617c0552f1558c95993aa8b8a68b3e709c,True,936,39,975,8183.424915958734,8.393256324060241,1593363787000,1768287083000,179408508.7179487,1e-18,283.8461,806,208,30,117,174923296000,0.4815825103135491
0x0cfbf5fa4917607c2d627f5d16e99e5d2ab5365b,True,62,47,109,45.60406268270613,0.41838589617161587,1668231863000,1745936579000,712887302.7522936,0.000435561255171761,5.3,8,0,13,26,77704716000,0.12119727713823703
0xae60c874ee07f44fb7bbbd1a5087cdb66e90bed8,True,284,67,351,33885.04361760649,96.5385858051467,1598827559000,1757192951000,451183452.991453,1e-09,1100.0,230,160,33,78,158365392000,0.1914963845131012
0xb5c13b39042b7c57e2a026feebc9b4fddf487eb6,True,22,14,36,5.284825690175551,0.14680071361598754,1681853363000,1767186863000,2370375000.0,9.162e-07,0.8,0,0,9,15,85333500000,0.036449928808732796
0xdda8901508211dfd3a2a912feb0b913a6558c113,True,460,270,730,3505.224752123166,4.8016777426344746,1513298017000,1767261827000,347895630.1369863,3.91735345191e-07,202.0,270,79,31,102,253963810000,0.24835034566539224
0xa311f7ca3eb2fb98123a807f9b8e4bbbdbdcb2ee,True,2725,69,2794,5574.570215719767,1.9951933485038535,1502358728000,1768987271000,95428970.29348604,1e-18,185.0,211,146,22,126,266628543000,0.9053854372973115
0x198d391740a6dba0e5d4010f8a8699a488754d81,True,8,3,11,38.71371901580424,3.5194290014367486,1728251987000,1741466843000,1201350545.4545455,0.08,15.0,4,1,1,5,13214856000,0.07191905836885397
0xb20cf6c2cb2b0970be2a793d3e6d39d6e15563a5,True,8,40,48,27.041734406369592,0.5633694667993665,1721839295000,1724711603000,59839750.0,0.001,10.0,4,0,19,4,2872308000,1.4438562995333368
0xe4fb9ca52e39b83be69e74e7fac8f807a9c16ef9,True,958,98,1056,2040.3568956711601,1.9321561512037502,1508270842000,1768634039000,246556057.7651515,1e-18,110.0,263,40,52,308,260363197000,0.3504274069887074
0x6ccaf7c0bfabcbdcc28c20f123e497ec208168b0,True,15,1,16,20.200116696175243,1.2625072935109527,1645365170000,1759171079000,7112869312.5,3.5330505908077e-05,6.5,6,0,1,9,113805909000,0.01214699669065514
0x5763893a71c86b9c5cf8b7a1b9b6374b2d2fa6e1,True,124,67,191,73.25948332110592,0.3835575042989839,1651248927000,1768049675000,611522240.8376963,1e-18,3.00199,19,0,26,61,116800748000,0.1412867664169411
0xb7d49adb031d6dbdf3e8e28f21c6dd3b6f231cd5,True,540,42,582,2710.956732917721,4.658001259308799,1599979678000,1768634099000,289784228.5223368,5e-18,50.0,300,70,17,167,168654421000,0.2981528720198802
0x07883ebd6f178420f24969279bd425ab0b99f10b,True,32,13,45,43.02962913142552,0.956213980698345,1636489020000,1758924107000,2720779711.111111,0.01,7.628650204047423,11,0,12,27,122435087000,0.0317556028689717
0xbb8fb8fe5198f25d117c0e7b1b9c8260cb19c3c0,True,370,38,408,96.93095712883263,0.23757587531576627,1607846396000,1768891523000,394718448.5294118,1.58828175e-05,2.2,18,0,16,90,161045127000,0.2188901996395085
0x9a568bfeb8cb19e4bafcb57ee69498d57d9591ca,True,2450,276,2726,4574.392355790807,1.6780602919261949,1513701277000,1769036843000,93666752.01760821,3e-18,72.0,881,68,102,496,255335566000,0.9224190882988859
0xac93a2dc06cc0b9e86682a5b0924b4c70f684ec8,True,8,3,11,2.3474698874561604,0.2134063534051055,1719042611000,1725214727000,561101454.5454545,0.008321901656160218,0.50012,0,0,1,6,6172116000,0.1539828480216509
0x3912d8e75aaa7cf3454b8ff10ed78b127ea9723a,True,10,10,20,17.054986125597058,0.8527493062798529,1730406563000,1746603467000,809845200.0,1e-10,9.0,3,0,8,6,16196904000,0.10668705574843192
0xb2f6be1d6c18514eabdc352b97b63273608af8fe,True,177,28,205,197.91024268202793,0.9654158179611119,1517487825000,1754934467000,1158276302.4390244,9e-05,19.999,47,2,17,76,237446642000,0.07459360069619346
0x799319c3c7f25f763ed03f307d3a025700e5f1b0,True,530,48,578,68.79564149362159,0.11902360120003735,1619697553000,1768222691000,256963906.57439446,1e-18,1.532,6,0,17,73,148525138000,0.3362339915819503
0xea2a37277ccebc386430e689686f4188b6ea9f41,True,42,36,78,40.41890811983369,0.5181911297414575,1568757298000,1764553127000,2510202935.8974357,0.005634302636602598,3.156482,10,0,19,6,195795829000,0.034419527905265035
0x829148aba1177c4b6a6a3dbca3e165fd34094e1b,True,613,52,665,15253.343508340688,22.937358659158928,1555719145000,1762637243000,311155034.5864662,1e-05,416.0,338,156,19,118,206918098000,0.2776750828243163
0x6863e1091e73de0cd4546ef0d12183133cd252bd,True,1198,56,1254,7229.4674974653435,5.765125596064867,1645984697000,1768846679000,97976062.20095694,3e-18,117.0,903,201,20,42,122861982000,0.8818480561383097
0x70cf494ca495498008abcb09af3c1209d404f3f9,True,57,27,84,265.5884970469705,3.161767821987744,1545348596000,1759002311000,2543496607.142857,0.0001,24.846936740822397,37,8,18,35,213653715000,0.03396898574873832
0xe0430c83f34b4d722636ec1988412f756b1cee4d,True,215,84,299,188.22437956782952,0.6295129751432426,1618324806000,1767977447000,500510505.0167224,3e-18,5.22,51,0,20,30,149652641000,0.1726237494198315
0x4d4b4c2bec2732cc4153cc15623ca212753bdf44,True,1,0,1,39.94400756378652,39.94400756378652,1727940899000,1727940899000,0.0,39.94400756378652,39.94400756378652,1,1,0,1,0,0.0
0xee1f7f9fb2192fa43befa547c9daa0424045d03b,True,54,24,78,80.02611038208056,1.025975774129238,1615163371000,1718897735000,1329927743.5897436,0.001,10.0,28,0,11,19,103734364000,0.06496593549269748
0x992dac69827a200ba112a0303fe8f79f03c37d9d,True,101,17,118,1146.1111793755701,9.712806604877713,1638540794000,1758389351000,1015665737.2881356,1e-18,155.0,27,16,12,62,119848557000,0.08506735713138373
0xa25b0c13b45e63f01a265de6047ac522454dd2b0,True,18,9,27,58.93425897505934,2.182750332409605,1728403475000,1745173403000,621108444.4444444,1e-10,10.0,6,0,5,3,16769928000,0.13910614285284945
0xae653682dee958914a82c9628de794dcbbee3d04,True,555,43,598,64884.05224073373,108.50175959988917,1560775683000,1764800579000,341178755.8528428,1e-08,1480.975415731157,475,294,21,119,204024896000,0.25323968306299244
0x2d1d988e6effbe3f1ef23114a0a724c85f20ce57,True,220,26,246,2498.503775567416,10.156519412875676,1596382751000,1721113967000,507037463.41463417,0.002637214257835163,145.0,166,48,25,40,124731216000,0.1704016098103301
0x4570d5b4177cf209944e8e3fb1f2a77021ffd5c5,True,117,37,154,1388.2864329507859,9.014846967212895,1601476348000,1758379331000,1018850538.961039,2.0328e-05,173.0,68,27,20,57,156902983000,0.08480144701901557
0xc0b53221a7dbcbce68441c26ea4da73266d6bc20,True,276,23,299,1651.3582373785432,5.522937248757669,1487070540000,1762625999000,921590163.8795986,2.3574778986427e-05,171.8922,111,21,15,119,275555459000,0.09375100059258851
0x7dded0481811c15cb16f9d595d7b92acdab8626b,True,214,88,302,18.83767928471644,0.062376421472571,1620427401000,1768506959000,490329662.25165564,3.9372360396601e-05,2.0,3,0,36,111,148079558000,0.17620798138795093
0x0d6bb1335fa0d0970e7dba98a3bd92e0e7d2e169,True,220,43,263,473.00868607108885,1.7985121143387408,1512480834000,1764554171000,958453752.851711,1e-10,29.5,94,6,22,93,252073337000,0.09014519453122485
0xaca0cd25c6ba0884b1b278ac20de739adee4ae8f,True,206,23,229,1970.725440582627,8.605787950142476,1730154791000,1737763451000,33225589.519650657,0.000343935422458255,10.0,198,0,18,8,7608660000,2.600405327613535
0xbae1bb93eae96e9e767ab2158e94d8aba8f325e4,True,7,4,11,59.14051069562954,5.376410063239049,1652712834000,1748094443000,8671055363.636364,0.075,18.810885726844603,8,3,3,6,95381609000,0.009964185024389765
0x91384d160a7070005400685fd464ce409d917ef6,True,533,104,637,7897.190826682074,12.397473825246584,1610056592000,1745424635000,212508701.72684458,1e-06,215.0,322,123,56,99,135368043000,0.40657158647111413
0x0035cc37599241d007d0aba1fb931c5fa757f7a1,True,12,1,13,3.128176137320219,0.24062893364001686,1681832531000,1761165611000,6102544615.384615,0.002,1.5,1,0,1,11,79333080000,0.014158028403788181
0xf861e8033498ba169c8bf7be0f69d98e83ae5f52,True,11,3,14,0.7194742400291269,0.051391017144937635,1735307279000,1763469731000,2011603714.2857144,0.003,0.22,0,0,2,7,28162452000,0.042950805561958884
0xb631651cb570ba0c0d696bd5e4860cbd214f20a0,True,404,14,418,11535.216327322605,27.596211309384223,1529418938000,1767286583000,569061351.6746411,4e-18,500.0,348,163,7,64,237867645000,0.1518289719478242
0xed5c6b4a540320b489161bc88184634a9e7e75f1,True,169,29,198,81.51491794087386,0.41169150475188815,1620783459000,1761233351000,709342888.8888888,0.000777,14.99,13,1,14,80,140449892000,0.12180287045005346
0xf956d9fa19656d8e5219fd6fa8ba6cb198094138,True,0,1,1,2.194e-05,2.194e-05,1752599579000,1752599579000,0.0,2.194e-05,2.194e-05,0,0,1,0,0,0.0
0x49a2dcc237a65cc1f412ed47e0594602f6141936,True,842,228,1070,426847.31072778,398.92272030633643,1542159366000,1753720415000,197720606.54205608,1e-09,16000.0,951,759,61,109,211561049000,0.4369802496110709
0x09bd4669b5c80e3c123c8f8832857f3c192c9e9a,True,15,4,19,41.86619048786399,2.2034837098875784,1722788939000,1736016131000,696168000.0,1e-06,10.04,4,1,3,4,13227192000,0.12410797393732548
0xbd160c0de7cc1bd36ab1a3a6ec5b801daf92a962,True,204,62,266,1390.778762289289,5.228491587553719,1513637259000,1768864439000,959500676.6917293,1e-18,55.0,123,43,45,73,255227180000,0.0900468359208451
0x2f19883a1f8212e8f3b7f72f2b37f8440df55d23,True,376,89,465,2904.9209103314756,6.247141742648335,1536350147000,1768742951000,499769470.9677419,4e-06,149.0,125,53,36,115,232392804000,0.17287970758337248
0x092cc0bf1b4b0947962d6ac96d0bb8bc21533406,True,5,1,6,3.694810580172785,0.6158017633621308,1651463071000,1718385971000,11153816666.666666,0.05,1.3218105801727853,1,0,1,5,66922900000,0.0077462273750838655
0xb36cbd83659f6f1f2d58a8ba82190314802a6dc6,True,11,6,17,63.12379304722932,3.7131642968958425,1644349667000,1753559267000,6424094117.6470585,1e-06,16.0,7,3,4,9,109209600000,0.013449367088607595
0x8b1d477410344785ff1df52500032e6d5f532ee4,True,173,49,222,209.57715935398286,0.9440412583512742,1498290343000,1733911967000,1061358666.6666666,0.00069,13.0,44,2,28,67,235621624000,0.08140509208951044
0x4182426adacc77effdf7f16fea939d49733e3409,True,75,17,92,4.915978556401227,0.05343454952610029,1632555343000,1767596435000,1467837956.5217392,2e-07,0.5,0,0,11,37,135041092000,0.05886208325388838
0x28f71b96e3fe92bba03f7abd01aa587ebdbe1176,True,79,28,107,319.7636040385623,2.988444897556657,1611973417000,1763209631000,1413422560.7476635,1e-08,48.29720985933694,51,6,21,27,151236214000,0.06112821628819669
0x002ee33092457900515a4249e3ec1cd2b2dc8c32,True,409,37,446,2684.3726147934913,6.018772678909174,1602946230000,1768827503000,371931105.3811659,1e-09,90.44,248,69,18,126,165881273000,0.23230108681406128
0xc3e8ac233f02d13c1e299e47ae230c205e0177ed,True,137,43,180,29.042951045992808,0.16134972803329337,1616233568000,1762173839000,810779283.3333334,6.97676041107e-07,3.6100300402933505,3,0,26,72,145940271000,0.10656414362832038
0x5278c0e1c5b545d9b80bd1a94e18f3df46aa2f6b,True,12,6,18,18.28158973851509,1.0156438743619496,1716716543000,1752858119000,2007865333.3333333,1e-10,9.145,3,0,4,11,36141576000,0.04303077430823714
0xfcfb33c0f77f4413af501df32f4ae1dfd923069a,True,51,7,58,398.5667339060402,6.871840239759314,1593517054000,1758832583000,2850267741.37931,1e-10,100.0,21,5,6,24,165315529000,0.030312941744268924
0x09cc15dda77789d42c0133c909e88fb6e3af793a,True,155,32,187,866.8513588966154,4.635568764153024,1630332873000,1767121271000,731488759.3582888,6.5319552851e-07,70.5,78,19,9,67,136788398000,0.11811528050792729
0xe510b848d316e72603648822d281d2da3ba41e1e,True,141,79,220,16.41323756261177,0.07460562528459895,1593437726000,1761015971000,761719295.4545455,0.0001,2.0805516733885088,3,0,34,58,167578245000,0.11342761108400437
0x9466ebf24b2761fba6cbfd7f93d306c017325de7,True,382,232,614,99.82431812915587,0.16258032268592162,1601032385000,1754806631000,250446654.72312704,2.6108081999999e-05,4.78690808195019,15,0,46,118,153774246000,0.34498364570098433
0x2860ce83720bab73b28e0179f64f2eaf810fd995,True,214,38,252,129.15821946776322,0.5125326169355683,1639975972000,1768968239000,511874075.3968254,1e-18,11.5,26,1,22,42,128992267000,0.1687915136804286
0xd99fd0a4b4efe2c28770e1f0e5f52adfe2980183,True,95,47,142,3788.4429524234893,26.67917572129218,1602826295000,1719042839000,818426366.1971831,1e-10,220.0,91,58,22,32,116216544000,0.10556844643392596
0x3c42b7defb188b2611e3e197084b97ebfde5e7d9,True,68,9,77,241.60502301917967,3.137727571677658,1651781208000,1756473719000,1359643000.0,1.7185740047979e-05,30.0,27,7,8,41,104692511000,0.06354609261401706
0xb0742fc02cdc000f495816cbdd5f490813e2b093,True,6,1,7,2.976735574720275,0.4252479392457536,1718952011000,1723628603000,668084571.4285715,0.007505574720275144,1.05,1,0,1,4,4676592000,0.12932494431842675
0xda035641151d42aa4a25ce51de8f6e53eae0ded7,True,192,54,246,5307.354699070241,21.574612597846507,1648740142000,1767474179000,482658686.9918699,1e-15,600.0900280294,142,68,14,68,118734037000,0.17900848431524316
0xbcb4c8386c097589e7825aaeb9e7c6295835f1d6,True,541,95,636,5137.642381472857,8.078054058919586,1539980276000,1768082687000,358651589.6226415,1e-18,200.0,248,88,26,201,228102411000,0.24090231996714845
0x0f93a5955fdeebce19b07a5f6c7c7e5cca67dd92,True,94,26,120,422.1102216626817,3.5175851805223473,1620133101000,1753031219000,1107484316.6666667,1e-10,35.895542726416416,49,13,14,31,132898118000,0.0780146487853199
0x565b3b224f9f83573ca560b51cd772171380f826,True,40,6,46,19.610287400502727,0.42631059566310275,1557051833000,1766128091000,4545136043.478261,1e-07,2.66845267,5,0,6,29,209076258000,0.019009331992157617
0x04323ca48a3bc5c5915825b3a4a148c0101d64df,True,57,9,66,81.6975361558374,1.2378414569066272,1635074710000,1720580807000,1295546924.2424242,0.003842984473435593,17.0,18,2,5,32,85506097000,0.06668998118344707
0x231a61d5c93ab375e2ae8293d05e71ed43d744b7,True,475,94,569,180.18062017407942,0.31666189837272307,1647184457000,1761124619000,200246330.40421793,3.106832898503e-05,6.0000681639424185,40,0,17,89,113940162000,0.431468580850359
0x40c3d1656a26c9266f4a10fed0d87eff79f54e64,True,128,35,163,25.238496712508113,0.15483740314422154,1727807051000,1768552823000,249974061.34969324,1e-09,10.0,3,0,10,39,40745772000,0.3456358613109601
0x825441a867c6d0800d452750397727d945e1c97c,True,65,4,69,31.663853910040277,0.4588964334788446,1575537768000,1762786367000,2713747811.594203,1e-18,2.5,12,0,4,46,187248599000,0.031837888410582986
0x8ad2b7572c46b0228654535579a80d3694d09af5,True,10,0,10,9.955118233787337,0.9955118233787337,1720720319000,1728430379000,771006000.0,0.000459613856900527,6.500022816454935,3,0,0,5,7710060000,0.11206138473630556
0x9520732c6067e8a3ac81cde8fab6ca3f48c2006a,True,24,6,30,366.05907896004777,12.201969298668258,1670104403000,1741289843000,2372848000.0,0.000254035326856605,97.7776,19,7,4,9,71185440000,0.03641194041927675
0xab080a619ebecdeae7c673f6c6a702538ae70b1a,True,4,5,9,1.321232961199853,0.1468036623555392,1744721255000,1759521815000,1644506666.6666667,0.01607155920594348,0.4880269048530757,0,0,4,3,14800560000,0.0525385525953072
0xb6af7c04f67b5eb61f0dc7ac4a760888ec3e3887,True,650,38,688,21319.464117720436,30.9875931943611,1591652185000,1767555323000,255673165.69767442,1e-18,590.0,489,226,21,69,175903138000,0.3379314358792167
0x79926e8bcce923473ec81c047e71b749459c22f7,True,61,39,100,169.05671373918915,1.6905671373918916,1583377425000,1764215771000,1808383460.0,2e-18,38.0569,19,3,26,36,180838346000,0.047777477460449684
0xfef07f196558d700f7613f5475299c5904fc226e,True,0,0,0,0.0,0.0,0,0,0.0,0.0,0.0,0,0,0,0,0,0.0
0xfbd50c82ea05d0d8b6b302317880060bc3086866,True,334,91,425,27358.14035314624,64.37209494857939,1586187665000,1746039755000,376122564.7058824,0.0001,2000.0,317,212,28,133,159852090000,0.22971235471491178
0x98ae7de36e23294ecb99464d4d2eaf4a6a2353f5,True,275,98,373,899.6322874177508,2.4118828080904846,1638765567000,1767100727000,344062091.152815,5.2708586112e-05,300.0,78,3,36,98,128335160000,0.25111746461375045
0x453dccc996adf27fa9fbbfe61318c116ad761177,True,113,13,126,2675.03135587627,21.230407586319604,1598776695000,1746997991000,1176359492.063492,0.000572137004225368,145.2,48,38,12,48,148221296000,0.07344693572238095
0x6e3669dd61393aaf25b5630e61dccc91a35d7831,True,16,7,23,402.85884056604806,17.51560176374122,1706898155000,1753735703000,2036415130.4347825,1e-06,100.0,13,8,3,9,46837548000,0.04242749855308395
0xbaae1c64ca3c05c18f8b14ed02843d5853da033d,True,2,2,4,0.03877028171047724,0.00969257042761931,1725591791000,1729956083000,1091073000.0,0.004,0.0127,0,0,2,2,4364292000,0.07918810198767635
0x6221eec93ea4c6d56a7202837c43d3bfd4a7d77a,True,3,0,3,11.08,3.6933333333333334,1723960775000,1723961735000,320000.0,0.08,10.0,1,0,0,2,960000,270.0
0x5bc0aa095632c76da0be9838d960da9a66fca30e,True,556,173,729,33.24470130805283,0.045603156801169865,1613171448000,1767989207000,212370039.78052127,1e-06,2.0,7,0,23,161,154817759000,0.40683704768004036
0x177ea2f156443a23f33b3e0c99ec6a2abdd9b3d1,True,25,18,43,74.5215711656771,1.7330597945506303,1691716139000,1746587939000,1276088372.0930233,0.01,5.75,30,0,3,9,54871800000,0.0677069095601019
0x882ca928ef273f1771024fae80df1a9035ab2d2f,True,5,7,12,0.7388832316742805,0.06157360263952338,1721212523000,1721218391000,489000.0,7.931188790829e-06,0.3570079354370908,0,0,7,3,5868000,176.68711656441718
0x4d72d4269ab46962713ca19cab8161a87684a163,True,3030,145,3175,2219.4865139302815,0.6990508705292225,1633188587000,1769066051000,42796051.65354331,1e-18,31.0,452,16,40,195,135877464000,2.018877832456455
0x1091437c5c4244ce0aa1c9fcefdc8639a08c3f48,True,5,0,5,1.2711561661161206,0.2542312332232241,1729519007000,1729522199000,638400.0,0.002877193539120289,1.0,0,0,0,3,3192000,135.33834586466165
0x18923f948f698d9d5ae60841cd3962690979e659,True,4,2,6,30.73278101039675,5.122130168399458,1729068359000,1729091279000,3820000.0,0.06481304652100216,10.08,3,2,2,4,22920000,22.61780104712042
0x2d1ef4acf4cae6a38950971aaaa15f88d9b3f165,True,445,52,497,1052.6712700010958,2.118050845072627,1611932432000,1760881307000,299695925.55331993,6.6842375461823e-05,47.0,184,22,28,115,148948875000,0.28829220764507285
0x9163911e07f03331afcbf8e4ea97d0cfee5f178a,True,5,2,7,48.02001172316184,6.860001674737406,1652900424000,1754505803000,14515054142.857143,1.172316184288e-05,25.0,4,1,1,4,101605379000,0.005952440765955905
0xe15aa7f7de1f1bb51aed5d7c28bdcb59987f020a,True,397,148,545,943.4421456275901,1.7310865057386975,1594207960000,1767457067000,317888269.72477067,1e-15,20.0,165,24,79,226,173249107000,0.2717936087254984
0x819e8ca8c93c557184b850e601d89ffd1616da03,True,778,139,917,738.7352796753411,0.8056000868869586,1627649055000,1767830651000,152869788.44056708,1e-18,22.69,154,7,28,129,140181596000,0.5651868880134593
0x3d066684d6795109cab9606631b15c1ffac36596,True,53,27,80,219.1853040323196,2.7398163004039953,1598372338000,1759272371000,2011250412.5,1.0012543500698e-05,28.0,29,7,16,28,160900033000,0.04295835041873484
0x59c8680b3b5ec7ed65da455e1d65461e6e29f028,True,3,0,3,0.13054170297294057,0.04351390099098019,1718668487000,1739411423000,6914312000.0,0.006190259133925912,0.1,0,0,0,3,20742936000,0.01249582026382379
0xc3598d91844b061195136600ad243b077cc164e2,True,131,5,136,2218.708748664263,16.314034916648993,1605679209000,1761248723000,1143893485.2941177,0.00015,120.0,98,48,3,53,155569514000,0.07553150805626352
0x11acdacca8423c909f9974b7ec140623e34f407c,True,0,0,0,0.0,0.0,0,0,0.0,0.0,0.0,0,0,0,0,0,0.0
0x744289c817bd78c09721b5335fddddae75986204,True,127,14,141,712.5223199155043,5.053349786634783,1591462544000,1746786971000,1101591680.8510637,0.006812506622886216,50.0,94,16,10,42,155324427000,0.07843196485765887
0xcaf37f8c0a690780ef87b0136e6882e41dcdd698,True,13,2,15,3.754221042714075,0.25028140284760503,1713545315000,1739411687000,1724424800.0,0.0008,2.4908354444346905,1,0,2,5,25866372000,0.050103663552043556
0x3a8a1f045cd4f7246c6b3a78861269cc6065433a,True,237,73,310,3540.8411227894767,11.42206813803057,1575152412000,1752067427000,570693596.7741935,1.93e-06,600.0,125,34,68,42,176915015000,0.1513947247496206
0xc9939c2ff87146e996c3c2541c059c6afef5d66e,True,32,4,36,12.287942711085119,0.34133174197458666,1631122990000,1727578463000,2679318694.4444447,1e-18,1.5036495,2,0,4,23,96455473000,0.03224700375477916
0x4cb69fae7e7af841e44e1a1c30af640739378bb2,True,0,180,180,1.3877823339767383,0.007709901855426324,1688057375000,1760455919000,402214133.3333333,4.810545878363e-06,0.015542775180578453,0,0,7,0,72398544000,0.2148109497892665
0x76c2cd1b8a249f465f8445c455cb78e0eed36f1e,True,110,16,126,1225.4821124403118,9.726048511431046,1630495901000,1761567203000,1040248428.5714285,8.649432634887e-06,121.00002082039299,74,42,6,38,131071302000,0.0830570829303275
0x763c823e2bdd66538c85736b1784031fa4d993f6,True,482,100,582,1235.463068947725,2.1227887782606962,1597085981000,1766692247000,291419701.03092784,1.0338066645071e-05,15.28476,323,8,30,44,169606266000,0.29647961237469844
0xea7c2f220cb43f862b94258894911537c885d465,True,122,44,166,22.74151434818963,0.13699707438668451,1631828095000,1768079999000,820794602.4096385,3.4221179775128e-05,1.05849856,1,0,20,43,136251904000,0.10526385011104138
0x56f0e2d5e35a0e720f10f0bd8c73cc37eda6a1b7,True,34,0,34,3653.6284083327423,107.45965906861007,1678874759000,1744007339000,1915664117.6470587,2.1353393132706e-05,1209.0,27,20,0,11,65132580000,0.04510185225274355
0x67a5f6bd9f8763c7e6c4ea0b54d1b14b9e5ee7e2,True,12,1,13,74.66575773438413,5.743519825721856,1729500287000,1730784887000,98815384.61538461,0.0122,10.0,8,0,1,4,1284600000,0.8743577767398412
0x8c45bba04dae4cdb7b59f4fe7944a3f2fc594452,True,32,1,33,83.43926973025334,2.528462719098586,1592875360000,1739471831000,4442317303.030303,0.3,9.7,16,0,1,18,146596471000,0.019449308571691335
0xb8462cdc4a214694b029870448cfd32ddfbd05f9,True,99,30,129,5229.977786543488,40.54246346157743,1729310783000,1768912355000,306988930.23255813,1e-09,225.0,63,48,15,15,39601572000,0.2814433730054958
0x62148ffbd8df09e4ac0c65f3cf420f5a6d2c235b,True,20,2,22,181.17773251917362,8.235351478144255,1726335431000,1730145083000,173166000.0,0.005,10.0,18,0,1,3,3809652000,0.49894321056096463
0x9c7c2877c13d86d88dff8e0fcde4330e1144c937,True,213,63,276,2202.4996142788987,7.980071066227894,1633398340000,1762230923000,466784721.01449275,1e-10,103.0,174,66,24,61,128832583000,0.18509603273265118
0x37a6156e4a6e8b60b2415af040546cf5e91699bd,True,914,57,971,3007.770098835915,3.097600513734207,1505682514000,1767405815000,269539959.8352214,1e-18,78.0,344,79,32,253,261723301000,0.3205461633696879
0x23fc077029b5ab3914db2f3fb100f3fbfd774c9b,True,18,6,24,5.669482730491867,0.23622844710382782,1689368687000,1765833587000,3186037500.0,0.004,0.50807,0,0,5,11,76464900000,0.027118324878473654
0x12715a66773bd9c54534a01abf01d05f6b4bd35e,True,0,0,0,0.0,0.0,0,0,0.0,0.0,0.0,0,0,0,0,0,0.0
0x7d9907f35d4d77661571c7bef5244e4e2aa460d8,True,662,127,789,1653.5375300033793,2.0957383143262094,1599068398000,1768406027000,214623103.92902407,1e-09,90.4,230,32,95,173,169337629000,0.40256616560988934
0xe57f3834700e9fe0166c97be35e97a053d1ac5f8,True,119,25,144,41.48058095703742,0.2880595899794265,1627062030000,1759573391000,920217784.7222222,3.0186523766e-07,4.1,14,0,14,70,132511361000,0.09389081740696935
0x0c4243ca087f4e4738596f33292064e847da80da,True,22,1,23,29.008926639277714,1.2612576799685962,1635171794000,1742381051000,4661272043.478261,1.938720455276e-06,13.865,3,1,1,19,107209257000,0.018535712825619152
0x929d0ef6c8f7a942f2efab0c1874f8d17b3825b8,True,22,2,24,4.737173380254025,0.19738222417725104,1665978251000,1766515499000,4189052000.0,0.0002,2.0,1,0,2,20,100537248000,0.020625191570789764
0x2d8304750a8ac17dc1b9a5da1c85c0a55f12c3d3,True,181,90,271,3722.1334324903924,13.734809713986687,1499967525000,1735435043000,868883830.2583026,0.00014871,508.0,148,59,50,63,235467518000,0.09943791907637979
0xc8cd6058b160118989a14b050326275ea2264759,True,14,7,21,8.15719,0.38843761904761903,1680039779000,1758131183000,3718638285.714286,0.00069,1.88,4,0,3,9,78091404000,0.023234311423060084
0x10bb92be4625bb056f8ffaf973be78b513d7830f,True,2,2,4,0.19077205755164983,0.04769301438791246,1725240263000,1725335339000,23769000.0,0.006,0.09614505755164982,0,0,1,2,95076000,3.63498674744415
0x3721b0e122768ceddfb3dec810e64c361177f826,True,0,2098,2098,1.1217161215827482,0.0005346597338335311,1707140399000,1768821299000,29399857.006673023,4.960517876e-06,0.00220757591450727,0,0,1,0,61680900000,2.938789803650725
0x4986c1f2c8a2f71c84825be29c622a3071be47a2,True,189,11,200,118.11602997020528,0.5905801498510264,1532343183000,1767813695000,1177352560.0,0.000321652489841152,21.0,26,1,5,30,235470512000,0.07338498503795668
0xc724a45222c091c7bff63be72bd5ced86a4d91d3,True,11,5,16,75.17997205698121,4.698748253561326,1637837359000,1748207195000,6898114750.0,0.00017977,27.2676636973,6,1,3,4,110369836000,0.012525161313096451
0xbfb910652f850f85e3f85aa0c12ae8f4037095b0,True,202,77,279,5753.9081071031005,20.623326548756634,1512483591000,1739399999000,813320458.781362,1e-06,165.0,155,74,53,78,226916408000,0.1062311897692299
0x713e382a37400a3f4c9a666957eb88af1b10007f,True,0,0,0,0.0,0.0,0,0,0.0,0.0,0.0,0,0,0,0,0,0.0
0xc65f06b01e114414aac120d54a2e56d2b75b1f85,True,722,29,751,3640.805383895932,4.847943254188991,1643833312000,1738874735000,126553159.78695074,2.7179574265773e-05,162.0,387,72,13,53,95041423000,0.6827170506485367
0x2fcda75f0038d54bd0f0d88d5db2a62ea298af36,True,1219,262,1481,1833.4164762783719,1.2379584579867466,1545938190000,1768063499000,149983328.1566509,1.0000444857055e-05,56.0,330,39,52,222,222125309000,0.5760640269947807
0x117f55bf3c2e3bcdc7f308504480ee53f754a7ca,True,35,52,87,25640.96382495074,294.7237221258706,1696768931000,1760531795000,732906482.7586207,1e-18,21625.52721124585,33,30,18,13,63762864000,0.11788680006594435
0x10dbfcfd43b1c9bcca0b5d0d895e528965f1a09b,True,385,127,512,271.39936164442884,0.5300768782117751,1592996229000,1728355091000,264372777.34375,2.06668218928e-07,14.0,55,1,49,119,135358862000,0.32681125820930734
0xf5fb5f3e0fce4ffc1b5d43f66e389ca3e7e1c61d,True,1,7,8,0.046736859641824315,0.005842107455228039,1691629103000,1709974271000,2293146000.0,0.003,0.00926,0,0,6,1,18345168000,0.03767749633036884
0x0fda32b8144e206c78b6baa3d6826ae8574ec263,True,136,20,156,2886.2415925075024,18.501548669919888,1608160803000,1732188107000,795046820.5128205,0.000283094387377203,200.0,106,53,10,42,124027304000,0.10867284513416499
0xf9107317b0ff77ed5b7adea15e50514a3564002b,True,5070,395,5465,3007.5839779117036,0.5503355860771645,1568683761000,1767976787000,36467159.3778591,1e-18,23.0,653,15,68,1053,199293026000,2.3692550084517254
0x79852a2b8386587daad501d90674996dd19d88c9,True,75,13,88,1132.7948783934826,12.872669072653212,1566353089000,1768766807000,2300155886.3636365,2.6359140102066e-05,175.60488070766328,33,17,6,26,202413718000,0.037562671518142854
0x79c4213a328e3b4f1d87b4953c14759399db25e2,True,637,58,695,3150.6860513543807,4.5333612249703314,1552851030000,1767337871000,308614159.7122302,1e-06,119.0,367,70,31,216,214486841000,0.2799612308150876
0x33d171e87237fb7ab676ffdbdf7f9f9280939cc5,True,26,16,42,14.946366744702232,0.3558658748738627,1633492910000,1684715459000,1219584500.0,0.008580604191124191,2.13347509,4,0,8,12,51222549000,0.0708437996711175
0xdff92a1d3c7832cbcc762ee5f326679dd801648e,True,2017,140,2157,42936.803788200545,19.905796842003035,1600984990000,1766975315000,76954253.59295318,4.8803476514e-06,700.0,1958,679,11,83,165990325000,1.1227449551653086
0x2e2b4e85cf2fe496086e9194e1b521ba20f01edb,True,7,3,10,6.981535889313571,0.6981535889313571,1721123963000,1737598199000,1647423600.0,1e-18,2.9,3,0,2,7,16474236000,0.05244552767120733
0x5dd596c901987a2b28c38a9c1dfbf86fffc15d77,True,1226,72,1298,157876.15692668612,121.6303212070001,1583832919000,1768850255000,142540320.49306625,2e-18,3286.7261962945504,1072,792,31,119,185017336000,0.6061442804473198
0xe4d29d690e2d154f876f92c1b8cffc2c7b4c109c,True,303,48,351,351.8491279512813,1.0024191679523684,1629231641000,1762238951000,378938205.1282051,1e-18,32.60344218569149,40,10,16,120,133007310000,0.22800551338118183
0xf87dea25283edaebfb5f870b83da85bbe359def3,True,0,1,1,0.02340863740550125,0.02340863740550125,1731085763000,1731085763000,0.0,0.02340863740550125,0.02340863740550125,0,0,1,0,0,0.0
0x5b7dcb8ce882f3d4c953c9f9d79e08730efe4939,True,220,65,285,286.00555052672155,1.003528247462181,1618546159000,1750053011000,461427550.877193,0.0002,31.0,68,2,18,61,131506852000,0.18724499617708132
0xef6c1456a2467c9016a443812d0c182706fdf722,True,818,127,945,576.7546030164532,0.610322331234342,1626701049000,1768598807000,150156357.67195767,1e-18,20.0,111,5,28,307,141897758000,0.5754002117496458
0xc7d46b70f3e0ce07915df817723e96c671b4cd65,True,291,30,321,248.52108108352073,0.7742089753380708,1528844737000,1766789423000,741260704.0498443,4.854061433357e-06,12.1,56,3,18,72,237944686000,0.11655818192972799
0x7217a656bd5442ad6aa51014e19846f4eaf42fe4,True,183,8,191,1340.9327959146867,7.020590554527155,1612987516000,1765237487000,797120267.0157068,1e-05,175.0,86,29,8,61,152249971000,0.1083901684289976
0x870ce4cbe75814672c0f1e62d3d19474dbca2edc,True,698,47,745,50801.74384305747,68.19026019202344,1601121160000,1752715775000,203482704.69798657,1.613e-06,752.3,588,462,17,105,151594615000,0.424606111503367
0x1d52309477b48ebe8ed680ac066d506f7970065e,True,28,1,29,274.62612567398116,9.469866402551075,1574123672000,1764366623000,6560101758.620689,0.00250473,60.0,17,9,1,23,190242951000,0.013170527406295332
0x534619104a9248b55a0293bf32e64ef939d8b5d0,True,191,25,216,43.07108499437699,0.19940317127026383,1654158751000,1766770451000,521350462.962963,9.543574575429e-06,2.019763187344729,15,0,13,109,112611700000,0.1657234550228795
0xdcff0337b83bd13545f62870d21c5a68e2d966ce,True,0,0,0,0.0,0.0,0,0,0.0,0.0,0.0,0,0,0,0,0,0.0
0xc2a92a640d148eee15d16ac307fe8039e37b9073,True,92,8,100,199.20894451952137,1.9920894451952136,1594942658000,1763724935000,1687822770.0,5.5977787492163e-05,16.7,40,2,5,38,168782277000,0.05119020879188636
0x06864f65c07c3468724d7c770bba695e818f8d71,True,35,13,48,443.4273691576472,9.238070190784317,1566073555000,1706994455000,2935852083.3333335,0.000590537735610745,44.0,34,13,2,16,140920900000,0.029429275572324616
0xa5efa3a75046ce5a28599aaa9f9f30b7660cd899,True,0,0,0,0.0,0.0,0,0,0.0,0.0,0.0,0,0,0,0,0,0.0
0x57477a0bce10360c8ea8a6c24f02d0e9feba2e67,True,881,759,1640,295.91303314311256,0.18043477630677596,1730843675000,1757374487000,16177324.390243903,1e-10,10.0,47,0,166,43,26530812000,5.340809018585635
0x3c30a6584242dd34c4a3bbdf019974c575684c5e,True,50,18,68,238.07739651655285,3.5011381840669538,1611817428000,1760189171000,2181937397.0588236,0.001,100.0,17,3,16,34,148371743000,0.039597836361604244
0x3eaba81dcdd9dfb51510abb2c0e976ab041f7a0d,True,210,122,332,3890.660127417927,11.718855805475684,1549934376000,1765399235000,648990539.1566265,1e-09,318.0491361426521,203,56,81,69,215464859000,0.13312982976959598
